user_id,date,steps,exercise_time,avg_heart_rate,max_heart_rate,sleep_duration,fatigue_level,relaxation_training,height,weight,age
2,2024-07-02,3910,57,78,95,4.413848733650368,4,0,180,80,25
3,2024-06-25,14587,113,69,87,6.648029224138989,1,0,165,65,35
1,2024-04-04,13596,85,74,92,5.670644260438436,2,0,175,70,30
1,2023-12-26,9951,98,130,144,9.092858676971588,9,1,175,70,30
3,2024-08-17,4432,17,164,178,5.083480241568483,7,0,165,65,35
2,2024-02-28,10001,32,121,162,4.178647672372867,1,0,180,80,25
3,2024-03-15,3968,48,161,186,7.608962039659291,9,1,165,65,35
2,2024-04-01,12891,121,114,124,7.518044819314361,8,1,180,80,25
2,2024-07-19,15554,41,143,164,7.680153650124024,9,1,180,80,25
3,2024-10-18,17539,69,84,87,7.637247644167952,1,0,165,65,35
3,2024-02-04,20203,16,104,106,8.223020259516643,5,0,165,65,35
2,2024-01-02,10145,61,131,147,6.547203247196693,9,1,180,80,25
3,2024-04-13,14764,50,160,180,9.210719670505052,8,1,165,65,35
2,2024-02-03,2904,64,89,116,6.19188950689198,1,0,180,80,25
3,2024-09-06,16312,107,62,71,4.398510064861306,7,0,165,65,35
1,2024-08-21,16046,89,82,104,9.338207383773884,7,0,175,70,30
3,2024-05-25,13914,114,140,143,4.123362257975432,6,0,165,65,35
2,2024-06-17,17553,74,76,96,8.749293777250406,3,0,180,80,25
2,2024-09-11,15376,121,160,157,5.249300657095052,7,0,180,80,25
1,2024-04-05,6007,45,167,174,6.7807910978145065,7,0,175,70,30
2,2024-03-07,11364,79,145,167,5.12001083007155,6,0,180,80,25
2,2024-09-16,5027,47,97,115,5.63072419069202,9,1,180,80,25
3,2024-03-12,15017,101,109,120,4.55602721647546,3,0,165,65,35
3,2024-03-23,9163,86,105,118,9.202008057781784,7,0,165,65,35
3,2024-03-09,3979,45,74,110,6.4374209298327925,8,1,165,65,35
1,2024-09-01,12545,20,102,136,9.350424937679124,8,1,175,70,30
1,2024-05-15,21124,70,149,182,8.24318085893092,5,0,175,70,30
1,2024-02-24,6373,77,123,133,7.863192761721482,1,0,175,70,30
3,2024-06-08,13569,40,143,161,7.246805201972811,7,0,165,65,35
2,2024-10-19,9298,84,115,135,4.258498871586328,6,0,180,80,25
2,2024-02-11,2550,117,62,74,9.586549457289758,8,1,180,80,25
1,2023-12-17,3269,36,81,89,5.218369405951414,6,0,175,70,30
2,2024-01-12,8879,97,85,105,6.046681317896756,6,0,180,80,25
2,2024-04-04,8514,77,118,134,8.049343356437141,9,1,180,80,25
2,2024-01-15,11126,48,81,104,4.962619841293749,6,0,180,80,25
3,2024-10-02,7435,60,181,180,6.427535481434122,7,0,165,65,35
1,2024-05-25,1316,36,165,188,5.8296952907739,2,0,175,70,30
1,2024-04-15,18795,47,67,92,5.488945996156668,9,1,175,70,30
2,2023-12-06,9098,58,74,99,6.811455563851117,2,0,180,80,25
2,2024-02-09,7590,111,80,101,9.403271677216985,1,0,180,80,25
3,2024-06-30,16881,72,168,192,5.602063160874751,2,0,165,65,35
2,2024-09-13,15017,55,120,154,8.904743059989976,7,0,180,80,25
3,2024-02-02,16961,51,115,139,10.151958585386378,3,0,165,65,35
2,2024-07-30,6376,16,158,182,5.018424604025556,9,1,180,80,25
1,2024-04-14,14233,97,106,123,7.1035550124046605,9,1,175,70,30
2,2024-03-01,7009,68,157,183,9.766968063012088,8,1,180,80,25
1,2024-02-07,7675,74,92,87,6.233744227111372,2,0,175,70,30
3,2024-08-20,18104,33,96,139,7.913329613282274,9,1,165,65,35
1,2024-08-15,12530,105,99,130,5.162556841635187,4,0,175,70,30
3,2024-04-09,9801,90,95,110,6.29339903605085,2,0,165,65,35
2,2024-01-03,12531,56,60,67,4.019505530883328,9,1,180,80,25
2,2024-04-20,8033,96,120,130,7.337872652422347,7,0,180,80,25
3,2024-01-17,1247,49,83,95,5.770396407221569,1,0,165,65,35
1,2024-10-07,5464,116,159,186,5.434603693604834,8,1,175,70,30
1,2024-09-30,4496,66,67,100,3.8363635497859643,2,0,175,70,30
1,2023-12-08,12285,68,156,181,6.972547566704242,7,0,175,70,30
1,2024-10-20,3106,64,114,131,9.958707970115949,9,1,175,70,30
2,2024-04-07,2521,78,94,117,5.936444364596181,1,0,180,80,25
2,2024-04-05,10909,77,145,169,4.236282376630155,6,0,180,80,25
3,2024-08-21,9428,65,153,152,6.650172733495566,9,1,165,65,35
1,2024-09-06,6483,26,165,200,6.8289546019420495,3,0,175,70,30
3,2024-10-19,14548,52,77,98,10.113824549120226,9,1,165,65,35
3,2024-04-07,13309,48,84,106,6.869057045016672,2,0,165,65,35
2,2024-05-02,12411,16,174,197,10.072017792293739,3,0,180,80,25
3,2024-09-19,1488,80,171,170,4.915537096372978,5,0,165,65,35
2,2024-09-22,19612,36,144,171,4.665230444828329,3,0,180,80,25
2,2024-05-09,1845,60,191,203,6.614998964159013,7,0,180,80,25
3,2024-09-16,14848,26,92,94,9.699935573200092,1,0,165,65,35
1,2024-02-13,1399,49,105,113,9.496383355723458,1,0,175,70,30
3,2024-03-28,10768,110,152,174,9.136990203566247,5,0,165,65,35
1,2024-07-26,6646,108,78,82,6.135367553554952,6,0,175,70,30
1,2024-07-15,3347,105,158,165,6.065736118422023,4,0,175,70,30
2,2023-12-18,17278,68,93,119,7.117641312088765,1,0,180,80,25
1,2024-05-09,11926,103,143,174,4.340044277659328,7,0,175,70,30
2,2024-04-25,12518,91,124,142,9.809143747856565,5,0,180,80,25
3,2024-02-26,13284,115,166,207,10.129056461857209,2,0,165,65,35
1,2024-09-21,3279,41,104,127,8.520194348580675,2,0,175,70,30
3,2024-09-11,8122,116,90,126,8.927693033784077,5,0,165,65,35
2,2024-04-24,17553,75,150,166,8.373801388249124,2,0,180,80,25
3,2023-12-27,1192,104,137,138,9.336666009586681,4,0,165,65,35
1,2024-08-25,16295,61,80,107,7.405472097666685,6,0,175,70,30
2,2024-03-19,12214,98,184,181,8.70274604452589,4,0,180,80,25
1,2024-08-24,12623,27,66,89,5.098380110564099,5,0,175,70,30
3,2024-03-30,17034,97,137,156,6.787131082229097,9,1,165,65,35
2,2024-10-11,5848,69,85,93,5.163060614003592,6,0,180,80,25
2,2024-07-22,13456,60,93,118,5.487122063688258,1,0,180,80,25
2,2023-12-19,10047,16,96,116,6.762132557562433,3,0,180,80,25
2,2024-05-03,5598,21,99,107,9.314157774870278,4,0,180,80,25
2,2024-07-06,12338,50,77,100,10.077972222276149,1,0,180,80,25
2,2024-05-31,13597,47,120,117,6.787930646809366,9,1,180,80,25
2,2024-09-28,13014,33,151,185,4.355256478484306,1,0,180,80,25
2,2024-07-07,15347,109,115,116,5.195421270934074,9,1,180,80,25
3,2024-05-26,18713,104,111,122,4.329309050490827,7,0,165,65,35
2,2024-04-30,17020,21,88,95,5.2649791771671595,5,0,180,80,25
3,2024-06-21,1307,24,180,193,4.960989900641666,8,1,165,65,35
1,2024-08-03,18428,110,147,145,8.889498912914359,7,0,175,70,30
1,2024-08-28,4860,54,61,93,8.05757929346212,5,0,175,70,30
3,2024-05-24,3139,40,80,109,7.031867852887289,4,0,165,65,35
2,2024-01-17,13801,78,63,84,5.9914759591350535,6,0,180,80,25
3,2024-05-06,17898,99,157,170,6.354454374410018,1,0,165,65,35
2,2024-02-07,7132,116,62,78,8.367930452191551,8,1,180,80,25
2,2024-07-23,8693,111,95,113,4.939752798148963,4,0,180,80,25
1,2024-03-23,7867,41,105,109,7.214758976151387,2,0,175,70,30
3,2023-12-28,2816,65,101,120,6.635781238878367,7,0,165,65,35
2,2024-04-21,2653,88,129,121,7.961119419840099,7,0,180,80,25
3,2024-01-12,13454,77,99,131,9.42181519302142,6,0,165,65,35
3,2024-07-08,10467,30,121,127,6.474118150254635,9,1,165,65,35
2,2024-03-29,11850,61,91,121,5.603533224169346,9,1,180,80,25
3,2024-01-19,16605,80,96,99,7.446693646368071,1,0,165,65,35
3,2024-10-07,16703,59,115,137,6.4782266281893985,3,0,165,65,35
3,2023-12-17,13048,79,69,89,10.004975078904241,4,0,165,65,35
1,2024-06-13,19007,55,156,166,7.480367350117918,6,0,175,70,30
1,2024-08-05,7099,17,177,195,6.152672299558095,9,1,175,70,30
1,2024-01-14,14907,63,130,134,7.133002369921333,9,1,175,70,30
1,2023-12-29,12278,10,90,107,7.5376109153160815,5,0,175,70,30
1,2023-12-28,7403,125,74,86,9.969721381063847,3,0,175,70,30
2,2024-04-13,14491,102,148,164,4.886976358964121,9,1,180,80,25
1,2023-12-07,13714,78,88,105,5.031046740163728,8,1,175,70,30
3,2024-09-03,3592,42,160,197,6.710832059999487,6,0,165,65,35
1,2024-03-09,17803,21,86,95,5.988087615191916,1,0,175,70,30
1,2024-02-26,18538,61,167,185,10.099253756766089,1,0,175,70,30
1,2024-02-14,18405,110,93,120,8.3623555193173,6,0,175,70,30
3,2024-05-15,1917,108,68,71,6.530549065613815,1,0,165,65,35
3,2024-03-18,12192,16,126,127,9.325481862222256,2,0,165,65,35
3,2024-06-19,14139,58,61,75,8.18146461896163,2,0,165,65,35
3,2024-02-10,6582,85,86,112,7.9978634977717515,5,0,165,65,35
1,2024-06-16,14587,40,59,92,8.874946645859945,3,0,175,70,30
1,2024-01-12,10680,114,77,89,8.322665633256419,2,0,175,70,30
2,2024-10-04,12666,111,88,95,6.222496075437224,9,1,180,80,25
3,2024-05-01,19848,107,68,76,7.861313382633219,9,1,165,65,35
2,2024-08-13,7880,47,149,173,4.33819949558022,3,0,180,80,25
3,2023-12-07,6619,25,72,88,4.739411191744741,9,1,165,65,35
2,2024-04-18,14421,86,164,183,6.674829075387613,6,0,180,80,25
1,2024-09-05,7498,126,176,179,4.329962463548997,5,0,175,70,30
1,2024-07-02,2300,31,101,138,6.827505272739779,4,0,175,70,30
3,2024-07-15,5217,39,116,145,6.758367148450348,4,0,165,65,35
1,2024-10-05,4709,91,124,141,6.356395978561562,8,1,175,70,30
1,2024-08-19,15524,28,142,170,6.746069950968451,9,1,175,70,30
1,2024-09-16,15618,32,176,196,4.090388728309962,6,0,175,70,30
3,2024-01-23,14842,38,72,95,9.374671173888462,5,0,165,65,35
2,2024-02-18,9253,62,176,192,9.26319475907033,4,0,180,80,25
1,2024-01-24,13816,37,68,100,6.922335484942096,4,0,175,70,30
1,2024-01-10,9792,44,136,161,8.129819355379801,1,0,175,70,30
1,2024-03-26,19754,109,174,204,8.089430362434813,7,0,175,70,30
1,2024-04-29,3393,52,99,119,4.796326968533305,7,0,175,70,30
3,2024-05-30,15104,112,102,124,8.793948122370011,2,0,165,65,35
2,2024-10-12,5996,19,91,119,5.208997307144753,1,0,180,80,25
3,2024-05-14,13226,10,152,168,9.77887307779567,3,0,165,65,35
1,2024-01-06,5378,35,60,83,5.143409235265045,9,1,175,70,30
3,2024-07-23,16237,98,101,115,5.33330455879843,1,0,165,65,35
1,2024-01-05,3172,110,167,199,6.223624427738435,5,0,175,70,30
3,2024-01-30,2126,100,63,89,5.568169628410819,4,0,165,65,35
1,2023-12-23,16102,21,71,75,9.702764563234032,4,0,175,70,30
3,2024-07-14,1261,117,98,110,5.122573614938157,4,0,165,65,35
1,2024-01-08,11248,36,153,190,7.36413142065804,6,0,175,70,30
1,2024-08-31,18949,65,75,86,4.327563622467549,5,0,175,70,30
2,2023-12-24,17557,88,90,123,6.080969579969223,3,0,180,80,25
2,2024-02-12,16798,16,180,183,10.218488414953464,6,0,180,80,25
2,2024-07-13,15570,16,157,201,5.284759376803181,6,0,180,80,25
2,2024-08-26,17723,16,65,77,9.026895505622184,5,0,180,80,25
3,2024-08-18,15449,17,127,138,5.724809271216312,5,0,165,65,35
2,2024-02-15,16972,30,171,184,7.211103103308528,8,1,180,80,25
2,2024-04-12,10297,115,93,113,9.024691285282515,2,0,180,80,25
3,2024-09-30,14027,98,60,69,6.430341623230028,3,0,165,65,35
1,2023-12-14,17653,92,147,180,5.308183397663987,8,1,175,70,30
3,2024-02-24,6977,70,112,120,6.862508435350819,1,0,165,65,35
2,2024-02-13,18476,100,89,96,8.957304469596101,3,0,180,80,25
1,2023-12-16,6722,114,161,187,7.050396532693367,7,0,175,70,30
1,2024-04-03,13278,93,75,94,8.892002758002757,1,0,175,70,30
1,2024-07-12,12310,123,126,127,7.694236736590232,8,1,175,70,30
2,2024-06-21,2800,102,60,89,5.519771232430265,8,1,180,80,25
3,2024-03-11,4051,41,134,161,6.312039850121247,9,1,165,65,35
3,2024-10-17,15417,51,170,181,5.665558095604629,8,1,165,65,35
3,2024-02-16,10499,27,77,97,8.170857590681427,4,0,165,65,35
3,2024-10-08,5973,114,102,107,5.357051168997404,4,0,165,65,35
3,2024-07-02,8737,63,167,177,6.468212691835877,7,0,165,65,35
3,2024-03-04,11304,111,87,96,9.498102104323586,9,1,165,65,35
2,2024-07-31,5646,61,65,79,6.094399134072151,9,1,180,80,25
3,2024-07-28,7833,67,98,132,5.765145216564323,6,0,165,65,35
2,2024-06-29,4310,85,93,108,7.153271202081376,9,1,180,80,25
1,2024-03-31,15613,101,148,189,7.565131462485124,8,1,175,70,30
1,2024-06-15,16460,77,159,178,6.492269438889545,2,0,175,70,30
3,2024-06-20,4635,115,109,119,5.432418033126541,1,0,165,65,35
2,2024-09-30,18174,60,69,98,9.448039877997067,3,0,180,80,25
1,2024-03-29,8199,85,130,149,6.683391244492745,8,1,175,70,30
3,2024-04-03,18977,64,159,168,6.812174006780038,4,0,165,65,35
1,2024-01-23,12938,54,68,85,7.178028791945114,1,0,175,70,30
2,2024-03-23,21923,72,140,126,6.538695198937607,4,0,180,80,25
3,2024-02-17,17132,46,83,110,7.275399338656562,9,1,165,65,35
3,2024-05-13,18845,58,146,158,6.473389201079048,2,0,165,65,35
3,2024-02-29,21100,35,111,144,5.490096069965354,8,1,165,65,35
3,2024-06-04,1783,90,60,82,5.872642448522765,3,0,165,65,35
1,2023-12-04,5441,115,136,163,7.465144785904575,4,0,175,70,30
1,2024-03-07,16176,57,118,124,7.1150088604463715,7,0,175,70,30
2,2024-10-17,2601,103,106,118,7.973258402350838,5,0,180,80,25
1,2024-08-13,14072,106,92,107,10.336457596057032,5,0,175,70,30
1,2024-10-01,12596,118,107,126,4.942753118838757,6,0,175,70,30
1,2024-01-27,11577,34,86,113,5.254639311616272,7,0,175,70,30
1,2024-02-12,2282,24,151,190,9.750417959964672,5,0,175,70,30
2,2024-08-01,16940,82,123,141,10.078209797474102,4,0,180,80,25
3,2024-07-10,10176,101,106,130,6.570585933779319,7,0,165,65,35
1,2024-01-18,14451,117,68,75,5.532578919939157,7,0,175,70,30
1,2024-05-18,16284,35,192,193,9.232360214700373,4,0,175,70,30
3,2024-01-10,13846,58,173,216,5.336102786267676,2,0,165,65,35
2,2024-05-23,16683,90,67,87,5.304216630416858,5,0,180,80,25
3,2023-12-16,4488,15,78,99,4.709269874713013,3,0,165,65,35
1,2024-08-26,14959,13,128,148,8.38756644688596,3,0,175,70,30
1,2024-06-11,14566,18,130,133,6.863986610741128,1,0,175,70,30
1,2024-02-29,7063,91,90,107,8.11844267929873,3,0,175,70,30
3,2024-05-23,10502,47,137,140,9.003689481704948,7,0,165,65,35
3,2024-06-17,6408,102,187,189,7.872714429186681,3,0,165,65,35
1,2023-12-25,9840,86,57,86,5.839643981778405,7,0,175,70,30
3,2024-05-19,15959,37,64,89,8.436955887284993,4,0,165,65,35
2,2024-02-17,14921,55,91,112,8.065165053966023,6,0,180,80,25
2,2024-07-05,15509,67,99,123,6.7206918379192215,4,0,180,80,25
1,2024-02-17,19243,69,125,139,5.9100876120624415,2,0,175,70,30
3,2023-12-24,18058,92,71,95,7.4042282981509695,6,0,165,65,35
2,2024-09-12,16210,17,133,166,9.411036281347094,3,0,180,80,25
2,2024-06-07,1093,53,167,156,6.952104675769681,2,0,180,80,25
1,2024-09-11,6775,96,136,175,5.4669135827265025,2,0,175,70,30
3,2024-01-31,1001,88,85,108,7.537156036970313,6,0,165,65,35
1,2024-02-19,16994,42,111,120,6.596210106268005,1,0,175,70,30
2,2024-04-03,18405,47,162,190,6.322324506869804,1,0,180,80,25
3,2024-08-07,16428,110,176,198,4.721658241924522,9,1,165,65,35
3,2024-03-07,6966,104,172,203,6.138649521126497,4,0,165,65,35
2,2024-04-11,4813,113,115,136,8.206077813525933,5,0,180,80,25
3,2024-02-23,16887,58,98,110,7.971605110442472,1,0,165,65,35
3,2023-12-08,8632,34,100,110,5.649926942178642,2,0,165,65,35
2,2024-06-06,2390,25,144,157,4.9692121859779395,4,0,180,80,25
3,2024-03-01,6756,92,144,154,9.052950417397206,5,0,165,65,35
1,2024-09-27,12950,72,152,173,8.562650975348355,9,1,175,70,30
1,2024-09-29,8420,65,148,153,5.815653812641761,1,0,175,70,30
1,2024-03-13,22099,119,117,150,7.008556308197655,4,0,175,70,30
3,2024-08-11,13080,32,88,115,9.492064502617689,7,0,165,65,35
1,2024-04-21,11031,29,115,119,7.529823128986009,8,1,175,70,30
1,2023-12-03,7629,64,126,134,7.5413164857432,1,0,175,70,30
1,2024-10-27,19188,80,137,173,9.36480130682161,3,0,175,70,30
1,2024-04-09,8961,116,96,116,5.706370400284557,7,0,175,70,30
1,2023-12-12,6111,113,65,91,7.231024270213155,2,0,175,70,30
2,2024-03-05,5587,58,107,124,7.959071829788071,2,0,180,80,25
1,2023-12-30,6552,128,132,159,7.7564742661897315,4,0,175,70,30
1,2024-07-13,7680,21,64,79,7.586009846732922,1,0,175,70,30
2,2024-06-03,11071,10,173,185,6.274621886352963,5,0,180,80,25
1,2024-08-14,1907,62,66,95,5.552632056193687,3,0,175,70,30
1,2024-08-07,14501,23,97,103,6.262615902730601,2,0,175,70,30
2,2024-07-27,9802,14,139,143,4.472135274435485,3,0,180,80,25
1,2024-08-09,18410,88,167,196,4.418150381607863,2,0,175,70,30
2,2024-04-19,6284,11,83,86,5.419493309708608,5,0,180,80,25
2,2024-03-26,7768,57,86,87,5.638830674978419,3,0,180,80,25
2,2024-10-01,7702,10,79,76,7.46963849602211,4,0,180,80,25
2,2024-08-04,5986,56,140,161,7.527761643802092,4,0,180,80,25
3,2024-02-05,18377,23,146,182,5.548110542334777,8,1,165,65,35
2,2024-04-28,4732,66,156,164,6.793378428212039,7,0,180,80,25
2,2024-06-23,9805,96,105,128,7.444849692740039,7,0,180,80,25
1,2024-10-28,16345,49,161,176,9.279777181745128,6,0,175,70,30
1,2024-07-21,11005,109,78,90,7.486089138240883,4,0,175,70,30
2,2024-06-08,18503,108,115,136,4.459599043132231,6,0,180,80,25
1,2024-01-29,2806,85,93,127,8.774501647563035,8,1,175,70,30
1,2024-10-25,14962,106,175,210,4.281000703958679,7,0,175,70,30
3,2024-04-21,13232,114,94,113,6.692110214272825,6,0,165,65,35
3,2024-09-14,11862,54,62,96,5.129312913644719,2,0,165,65,35
1,2024-07-25,5208,71,119,142,7.83988195243443,7,0,175,70,30
1,2024-02-08,16708,78,175,178,4.392061482168754,4,0,175,70,30
2,2024-10-08,18778,76,143,165,6.77395452087121,1,0,180,80,25
3,2024-04-12,12510,33,171,199,6.975510067128382,8,1,165,65,35
2,2024-06-20,9758,26,75,92,10.333956080656678,5,0,180,80,25
3,2024-06-07,2916,99,113,124,4.353433215473633,1,0,165,65,35
2,2024-07-25,5699,61,101,124,5.733541290260921,1,0,180,80,25
2,2024-05-19,8258,22,117,127,5.997305971201703,9,1,180,80,25
3,2024-09-22,18159,123,97,107,8.663662070450671,8,1,165,65,35
1,2024-07-04,5790,39,107,131,5.500571499877871,4,0,175,70,30
3,2024-04-10,1565,129,85,113,9.978012776785185,5,0,165,65,35
1,2024-02-23,8571,94,110,131,5.496037491789635,4,0,175,70,30
3,2024-01-24,19516,83,113,136,4.54791548369445,3,0,165,65,35
1,2024-10-21,6488,50,125,129,8.451450743895291,9,1,175,70,30
1,2024-04-17,1405,22,106,116,7.634821007755089,9,1,175,70,30
2,2024-02-04,7117,85,61,81,4.771021819070971,6,0,180,80,25
1,2024-08-10,16236,68,101,116,7.696928919873107,2,0,175,70,30
2,2023-12-25,11376,74,82,109,8.806741686113373,9,1,180,80,25
2,2023-12-16,8774,14,108,126,4.7591138297010325,7,0,180,80,25
2,2024-01-19,6574,87,144,163,6.6265252871520355,6,0,180,80,25
1,2024-03-05,2445,88,90,123,7.539226025039431,6,0,175,70,30
1,2024-01-15,11123,71,129,165,5.851717777101873,4,0,175,70,30
1,2024-04-02,9766,23,110,137,5.925895140320998,8,1,175,70,30
3,2024-09-10,8179,76,174,195,8.685790170544154,6,0,165,65,35
2,2024-10-06,16538,36,146,151,4.406146769482126,3,0,180,80,25
2,2024-07-08,11702,16,66,98,4.753789829754492,3,0,180,80,25
1,2024-03-17,17704,92,116,132,6.54479326960632,9,1,175,70,30
3,2024-04-24,9539,47,113,132,5.478367569231071,4,0,165,65,35
2,2024-10-02,12300,57,80,88,5.84336961144631,8,1,180,80,25
3,2024-06-22,4889,23,149,177,6.092403293284396,1,0,165,65,35
2,2024-05-17,16667,49,149,175,9.889969164301037,9,1,180,80,25
2,2024-09-05,8477,102,86,119,6.469234409833397,7,0,180,80,25
2,2024-07-26,11699,102,108,126,7.942065734421045,2,0,180,80,25
3,2023-12-13,8781,59,78,92,8.110963906995838,1,0,165,65,35
1,2023-12-21,3785,75,63,74,5.962465871262688,8,1,175,70,30
2,2024-08-20,18662,45,146,150,8.85312946517297,6,0,180,80,25
1,2024-10-23,9541,96,75,99,7.21116704055573,2,0,175,70,30
1,2024-05-28,3130,100,87,109,8.39563853125681,2,0,175,70,30
3,2024-06-09,15323,101,109,128,8.333820537237566,7,0,165,65,35
3,2024-08-29,13493,38,138,162,6.439179216570029,3,0,165,65,35
2,2024-01-07,3973,63,80,112,7.3313054006385565,8,1,180,80,25
2,2024-08-30,17544,119,126,132,7.0213038431758745,8,1,180,80,25
3,2024-07-11,18513,85,164,166,6.845898612319085,7,0,165,65,35
2,2024-02-08,8619,79,117,151,9.856336287623742,6,0,180,80,25
2,2024-10-30,14982,66,106,120,4.544533273425534,1,0,180,80,25
2,2024-03-02,11064,39,164,184,7.880802499938392,8,1,180,80,25
3,2024-02-06,3164,26,82,84,5.663956510401965,1,0,165,65,35
3,2024-01-22,5554,21,111,134,7.35572731206077,7,0,165,65,35
3,2024-09-29,14591,61,169,165,9.297748320999077,3,0,165,65,35
2,2024-04-17,4425,11,127,148,9.395789471673009,5,0,180,80,25
2,2024-02-26,13696,62,153,167,5.764783348707375,1,0,180,80,25
3,2024-09-20,6475,20,117,144,9.5328927706395,6,0,165,65,35
2,2024-04-08,15197,14,151,159,4.824312454272335,1,0,180,80,25
2,2024-07-04,15607,53,172,194,4.218560972349453,1,0,180,80,25
1,2024-03-16,4003,102,107,145,9.81166797981898,8,1,175,70,30
2,2024-10-13,19234,24,93,109,10.06374112507997,8,1,180,80,25
3,2024-05-05,15422,25,63,69,8.750709207149892,9,1,165,65,35
1,2024-04-01,2107,25,129,149,6.782001075790179,5,0,175,70,30
1,2024-08-12,13560,61,133,151,7.786033023813359,1,0,175,70,30
1,2024-06-04,14303,106,117,137,7.725850039401533,3,0,175,70,30
1,2024-01-02,13288,15,146,178,8.463355940953816,5,0,175,70,30
2,2024-10-29,13929,44,164,171,8.247147664436415,3,0,180,80,25
3,2024-09-13,7078,113,161,195,8.260839433566852,2,0,165,65,35
3,2024-01-25,9708,108,113,149,8.308942717661914,1,0,165,65,35
3,2024-02-08,2931,17,128,170,5.613578380075865,9,1,165,65,35
2,2024-06-02,16248,80,71,82,8.963073852412226,4,0,180,80,25
3,2023-12-23,19288,116,100,122,9.944203338170105,2,0,165,65,35
1,2024-06-19,18151,33,142,157,8.780180398437782,1,0,175,70,30
2,2024-03-28,2084,102,167,196,10.464107196122011,4,0,180,80,25
1,2023-12-24,5259,90,104,140,6.910538070517716,7,0,175,70,30
2,2024-02-01,3871,67,70,86,6.027615573556153,4,0,180,80,25
2,2024-07-16,19706,35,151,173,7.254703933614295,1,0,180,80,25
1,2024-10-30,6338,59,116,105,9.478980165465364,6,0,175,70,30
1,2023-12-19,6117,56,136,159,9.22454149765996,6,0,175,70,30
3,2024-09-21,9869,67,111,117,10.489576000740248,1,0,165,65,35
3,2024-08-25,2123,63,125,131,5.080678209803604,7,0,165,65,35
2,2024-10-21,5162,126,95,124,6.35414513470825,2,0,180,80,25
2,2024-04-15,6431,57,155,155,9.921902475180078,7,0,180,80,25
2,2024-05-10,15820,71,113,109,8.640417968656763,8,1,180,80,25
2,2024-09-23,4058,67,122,136,8.271250400490153,9,1,180,80,25
1,2024-05-11,5368,89,149,149,4.937338287352416,4,0,175,70,30
1,2024-06-27,8628,85,115,121,6.858785233783646,6,0,175,70,30
2,2024-03-30,6721,103,106,134,10.009610361238607,8,1,180,80,25
3,2024-04-18,2719,65,121,148,9.252014772873178,3,0,165,65,35
3,2024-03-08,4597,95,119,141,6.577674304796615,7,0,165,65,35
1,2024-08-01,19128,42,163,188,8.909944440701873,7,0,175,70,30
3,2024-02-01,9528,64,103,109,5.791738496978182,4,0,165,65,35
1,2024-05-02,14805,80,164,174,7.949488265155251,3,0,175,70,30
1,2024-01-30,5243,52,69,76,4.537094411615462,8,1,175,70,30
3,2024-03-16,14210,39,135,143,6.713942770082121,3,0,165,65,35
1,2024-08-22,1683,57,76,103,6.776971730542372,8,1,175,70,30
1,2024-01-13,6231,109,118,130,8.262328301052223,2,0,175,70,30
1,2024-06-21,12505,107,123,135,6.499284961562559,8,1,175,70,30
1,2024-01-04,12478,65,81,98,5.199084091106535,3,0,175,70,30
2,2024-08-02,11587,16,87,120,7.365007429021157,7,0,180,80,25
1,2023-12-09,2001,46,163,194,6.7929166441992885,3,0,175,70,30
1,2024-06-08,14367,36,153,162,6.553479470907919,1,0,175,70,30
3,2024-10-29,9846,30,78,94,4.565020982491609,6,0,165,65,35
2,2023-12-13,7199,28,82,100,7.795388873223271,1,0,180,80,25
1,2024-06-17,14660,91,65,93,8.437861404499897,5,0,175,70,30
2,2024-08-19,5770,81,82,92,7.497202808526157,9,1,180,80,25
1,2024-05-19,11007,72,141,168,8.183292603249964,9,1,175,70,30
1,2024-10-02,6341,28,92,121,4.9863774680722495,1,0,175,70,30
3,2024-02-22,2509,61,144,149,7.934883762301228,1,0,165,65,35
1,2024-04-20,11176,81,117,115,4.85839178771312,1,0,175,70,30
3,2024-08-05,14187,47,69,83,6.510141798980046,2,0,165,65,35
2,2024-01-01,15576,114,121,137,6.7362404106818925,8,1,180,80,25
1,2024-05-14,11777,113,144,173,8.478643377330814,5,0,175,70,30
2,2024-05-30,7593,72,139,141,6.136351833540157,8,1,180,80,25
1,2024-06-12,19003,103,109,136,4.6737964191994665,2,0,175,70,30
1,2024-05-10,3530,45,118,120,5.300173629013892,2,0,175,70,30
1,2024-10-24,12549,34,95,115,4.376864564685064,3,0,175,70,30
3,2023-12-09,15901,68,90,109,5.983844820119039,9,1,165,65,35
3,2024-10-26,16528,14,80,109,4.980103678993139,4,0,165,65,35
1,2024-08-18,5126,102,131,173,9.565518096581537,2,0,175,70,30
3,2024-10-14,9609,102,118,141,8.89332019502236,6,0,165,65,35
2,2024-06-18,7891,103,56,80,6.569544839487958,9,1,180,80,25
1,2024-03-06,13121,95,141,167,8.459429329617365,4,0,175,70,30
1,2024-06-07,6398,93,102,124,4.066275822446127,6,0,175,70,30
3,2024-03-25,6829,55,156,192,7.342181352707141,4,0,165,65,35
1,2024-03-10,1995,97,110,148,4.252926087248583,1,0,175,70,30
1,2024-03-24,13873,94,144,161,9.754526480635068,6,0,175,70,30
2,2024-02-23,19059,88,58,67,5.766474979551661,5,0,180,80,25
3,2024-04-14,2992,25,105,139,3.8510513014403203,7,0,165,65,35
1,2024-06-20,18478,99,147,164,4.9170662404311924,4,0,175,70,30
3,2023-12-12,2236,62,78,107,7.9473617930161105,7,0,165,65,35
2,2024-08-16,6789,24,145,176,4.366535388555597,9,1,180,80,25
1,2024-04-28,8858,88,107,127,4.553022011041249,5,0,175,70,30
1,2024-09-19,4020,38,127,153,5.1672383922969995,8,1,175,70,30
3,2024-09-05,16427,42,61,75,9.315095107228707,2,0,165,65,35
1,2024-07-14,18930,94,168,192,6.311459460931867,1,0,175,70,30
2,2024-02-19,20493,65,182,188,4.561969240812068,6,0,180,80,25
1,2024-09-04,10059,115,148,157,4.879051781496387,8,1,175,70,30
3,2024-07-18,2641,81,162,180,4.846681109432577,2,0,165,65,35
2,2024-07-15,11146,18,140,155,3.8834549127885847,9,1,180,80,25
2,2023-12-30,16844,78,145,146,8.877316339922773,3,0,180,80,25
3,2024-04-20,12452,40,148,142,7.392472529238373,8,1,165,65,35
1,2024-10-06,6498,81,92,121,6.696270662583064,9,1,175,70,30
3,2024-08-27,13689,107,94,99,9.431619944087295,4,0,165,65,35
2,2024-05-22,13834,13,78,97,8.240596250647945,9,1,180,80,25
2,2024-04-16,1549,115,103,122,9.001942347719844,3,0,180,80,25
2,2024-01-20,21315,117,148,168,8.698752625969913,2,0,180,80,25
3,2024-10-03,10772,81,125,162,4.547491865735644,1,0,165,65,35
3,2024-02-14,6288,112,117,132,8.080792141752513,3,0,165,65,35
2,2024-10-25,13707,46,121,136,5.67361261541968,7,0,180,80,25
1,2024-09-09,20329,41,63,66,7.120343235523261,3,0,175,70,30
2,2024-02-24,4547,86,84,97,4.164026012988687,1,0,180,80,25
2,2024-01-09,14173,52,102,122,9.442885424945185,1,0,180,80,25
3,2024-02-20,4187,113,157,160,7.721915234431945,9,1,165,65,35
2,2024-01-06,14524,78,101,144,5.684910929177244,4,0,180,80,25
1,2024-02-09,5091,95,164,179,8.437136408304756,4,0,175,70,30
2,2024-04-10,9943,25,86,96,9.115402606586287,5,0,180,80,25
3,2024-08-26,16389,95,167,189,5.423786321912364,7,0,165,65,35
3,2024-06-18,18176,68,136,163,7.119666127882381,4,0,165,65,35
2,2024-05-16,10938,117,84,97,5.7095052754204225,7,0,180,80,25
2,2024-01-21,1984,59,112,133,4.430471260516931,2,0,180,80,25
2,2024-07-10,9272,71,86,111,6.639191899655769,9,1,180,80,25
1,2024-10-12,10533,107,118,120,9.007025991964726,4,0,175,70,30
3,2024-09-12,12392,20,143,160,4.303912213125142,8,1,165,65,35
2,2024-06-04,9059,98,178,190,7.099460906804016,3,0,180,80,25
2,2024-03-10,19331,57,137,142,7.796854109112152,3,0,180,80,25
2,2024-04-23,14551,26,84,89,8.214895748764215,9,1,180,80,25
2,2024-09-26,17046,98,158,167,4.121752781443487,5,0,180,80,25
1,2024-08-08,7692,102,189,208,5.177712595664194,2,0,175,70,30
1,2024-08-30,17903,60,171,187,10.431694752814138,3,0,175,70,30
3,2023-12-04,13402,42,92,115,6.056797811221628,3,0,165,65,35
1,2024-02-01,5688,37,180,186,8.999403833418038,3,0,175,70,30
1,2024-01-19,9136,73,140,152,8.639821668365263,6,0,175,70,30
2,2024-10-03,6916,47,129,150,6.627554375056022,3,0,180,80,25
2,2024-10-09,1161,46,149,169,5.286333309406319,1,0,180,80,25
3,2024-02-15,7637,21,146,155,8.111568048031845,3,0,165,65,35
1,2024-01-26,9337,101,77,88,6.623221224200105,5,0,175,70,30
1,2024-10-18,4629,45,153,161,7.546019977455505,6,0,175,70,30
1,2024-05-01,16006,84,155,166,7.951487340984701,3,0,175,70,30
2,2024-09-25,11618,63,146,161,4.875959466252621,1,0,180,80,25
2,2024-05-26,5316,42,143,166,5.516489350098574,4,0,180,80,25
3,2023-12-11,17886,113,165,158,9.219681469358262,2,0,165,65,35
1,2024-03-21,16796,89,154,158,8.82013692997901,4,0,175,70,30
3,2024-05-27,13096,75,100,105,6.022528152273168,6,0,165,65,35
3,2024-01-08,20626,116,83,91,9.785887785045308,1,0,165,65,35
2,2024-05-15,3547,29,156,179,8.539982038270953,9,1,180,80,25
2,2024-04-02,1287,22,87,114,5.129622385065934,9,1,180,80,25
2,2024-02-25,1126,22,149,150,4.695539433815634,1,0,180,80,25
3,2024-03-27,5628,124,129,137,5.053793854600201,6,0,165,65,35
1,2024-05-07,20011,66,170,193,7.658391432356252,5,0,175,70,30
2,2023-12-04,10741,84,157,169,7.217443709667117,8,1,180,80,25
2,2024-01-11,11554,32,120,156,5.908816576438332,6,0,180,80,25
2,2024-02-22,7573,60,140,146,5.411026738902926,3,0,180,80,25
2,2024-04-27,5746,77,64,68,6.015048362766348,7,0,180,80,25
2,2024-08-31,17822,88,132,140,4.6212879393956925,2,0,180,80,25
1,2024-05-20,7101,37,155,168,9.337238657957476,4,0,175,70,30
1,2024-02-25,16727,53,119,136,6.734701975093987,5,0,175,70,30
2,2024-01-04,10981,64,126,142,4.866993326332993,5,0,180,80,25
3,2024-03-26,16076,40,81,86,4.499777081145842,3,0,165,65,35
3,2024-10-28,8150,82,120,151,5.2170826763143525,7,0,165,65,35
2,2024-09-18,6208,27,70,82,5.227396740706171,6,0,180,80,25
2,2024-08-12,13039,48,115,124,5.622684389914002,8,1,180,80,25
1,2024-08-17,17469,43,94,109,7.394709956535283,9,1,175,70,30
1,2024-07-09,21556,57,111,123,4.578625488349903,1,0,175,70,30
2,2024-03-09,2935,24,145,151,6.76783227434537,5,0,180,80,25
2,2024-03-18,1969,37,82,106,9.79645206492758,9,1,180,80,25
2,2024-09-03,8391,80,151,168,8.865991439762638,8,1,180,80,25
1,2024-07-18,3199,62,84,90,5.541513216816338,9,1,175,70,30
1,2024-07-08,17092,73,79,84,3.989403640028471,3,0,175,70,30
2,2024-08-07,9871,29,103,114,3.8552047102372633,8,1,180,80,25
3,2024-07-26,9280,23,77,96,4.105505836129697,4,0,165,65,35
2,2024-06-28,10920,37,143,165,4.679017874773098,4,0,180,80,25
2,2024-08-15,14947,83,187,202,6.521110175998455,8,1,180,80,25
1,2024-07-30,7320,46,127,159,6.261196009367357,2,0,175,70,30
3,2024-08-01,9744,27,88,99,7.013572017079792,9,1,165,65,35
1,2024-08-02,15876,112,60,76,7.407097930465839,3,0,175,70,30
2,2024-10-27,2338,35,79,102,7.947984708138976,4,0,180,80,25
3,2023-12-14,10859,62,75,85,8.066155020646626,8,1,165,65,35
3,2024-02-19,6643,72,59,73,5.453808749530927,4,0,165,65,35
3,2024-02-07,15381,92,94,101,6.990481796699701,3,0,165,65,35
2,2024-02-02,18522,117,83,81,6.241297058412115,2,0,180,80,25
3,2024-04-15,9398,11,69,85,8.806083028150313,8,1,165,65,35
3,2024-10-01,18289,13,145,168,9.893953189980747,4,0,165,65,35
1,2024-07-28,9383,20,91,99,6.630640398667421,9,1,175,70,30
1,2024-10-19,10851,63,63,89,10.211750734955453,7,0,175,70,30
2,2024-08-28,20216,103,94,127,4.52921207139774,5,0,180,80,25
2,2024-04-14,4783,50,152,159,7.123133241061894,6,0,180,80,25
1,2024-09-17,18552,23,98,112,8.310519353539702,3,0,175,70,30
1,2024-09-18,15753,107,76,90,4.248089461363808,1,0,175,70,30
1,2023-12-06,6443,82,113,132,6.404778560652844,9,1,175,70,30
1,2024-05-16,17424,57,84,90,7.140741801426422,4,0,175,70,30
2,2024-05-21,17928,55,68,91,6.401159936650687,8,1,180,80,25
3,2024-01-21,9063,112,181,233,5.6484607788378804,8,1,165,65,35
2,2024-02-10,15801,19,117,136,7.4812210717269405,7,0,180,80,25
3,2024-08-02,14189,112,91,96,6.565087242474603,4,0,165,65,35
1,2024-07-22,16667,86,83,89,3.9115837804023053,6,0,175,70,30
2,2024-07-29,8087,10,137,157,5.108634850008565,6,0,180,80,25
1,2024-05-05,9382,111,188,191,5.478967544349283,3,0,175,70,30
2,2024-07-11,3204,56,130,158,6.394945453686365,1,0,180,80,25
2,2024-08-08,13393,17,65,79,6.246031206528129,1,0,180,80,25
3,2024-01-29,5360,56,180,181,4.398548688017288,1,0,165,65,35
3,2024-03-29,4157,29,107,152,8.887036862617432,6,0,165,65,35
2,2023-12-11,4102,14,143,156,7.888407090747983,7,0,180,80,25
1,2024-05-06,11729,88,99,110,7.0450569199059645,9,1,175,70,30
2,2024-08-29,7890,62,89,114,4.9698963617177405,8,1,180,80,25
3,2024-10-21,9441,92,90,119,6.788195567049733,7,0,165,65,35
3,2024-06-26,8895,86,72,79,4.236526733286422,3,0,165,65,35
3,2024-01-11,5917,77,70,86,9.838350926560361,7,0,165,65,35
3,2024-08-23,1805,55,88,118,4.986105713095612,3,0,165,65,35
2,2024-09-10,4204,58,154,182,9.918966979283992,9,1,180,80,25
3,2024-01-01,15021,25,111,137,4.372894192968937,1,0,165,65,35
2,2024-01-26,2160,42,121,149,7.780484311316506,7,0,180,80,25
1,2024-02-16,14894,39,95,98,6.508763769423972,4,0,175,70,30
2,2024-02-21,10523,56,117,151,9.021665369839619,8,1,180,80,25
2,2024-10-28,6475,65,137,122,5.356988242003932,1,0,180,80,25
2,2024-01-24,1843,23,60,79,6.797958711763108,2,0,180,80,25
1,2024-10-15,5662,44,120,131,6.88025604364176,6,0,175,70,30
1,2023-12-11,2060,50,189,187,5.096497461697868,1,0,175,70,30
3,2024-07-31,11250,31,93,116,4.741291266069605,1,0,165,65,35
1,2024-03-22,15225,75,132,149,6.717615049813724,1,0,175,70,30
1,2024-05-04,13053,92,175,173,5.216074716539068,3,0,175,70,30
3,2023-12-19,11327,120,82,91,9.071914285469996,8,1,165,65,35
1,2024-10-08,2585,56,110,146,9.153747882589734,4,0,175,70,30
2,2024-10-07,8761,12,108,129,4.060778681115339,6,0,180,80,25
2,2023-12-03,15743,60,177,182,6.892615170718228,2,0,180,80,25
3,2023-12-05,16277,101,157,186,6.039659055925778,2,0,165,65,35
2,2024-10-23,9259,10,145,162,9.709349702468861,1,0,180,80,25
2,2024-07-24,12217,10,158,163,6.241695065566728,9,1,180,80,25
3,2024-03-03,8265,46,171,211,8.309543701659567,2,0,165,65,35
3,2024-05-17,6161,110,161,178,6.371682164415392,4,0,165,65,35
1,2024-04-10,13417,113,130,135,9.821767114068178,5,0,175,70,30
2,2024-01-08,12854,48,98,117,5.679005719899307,5,0,180,80,25
1,2024-07-29,17446,59,169,184,9.192083970558334,2,0,175,70,30
2,2024-03-20,8030,119,121,153,5.351215035235797,8,1,180,80,25
1,2024-08-23,3944,115,159,158,5.423316543448937,2,0,175,70,30
2,2024-01-16,3703,114,66,66,6.321708705586375,2,0,180,80,25
1,2024-01-20,8842,103,109,128,7.967171210707962,3,0,175,70,30
3,2024-06-15,16663,85,67,80,9.907103836684186,9,1,165,65,35
2,2024-07-21,18276,45,176,198,4.452622519281742,8,1,180,80,25
1,2024-05-30,16828,65,126,134,4.678581443118213,5,0,175,70,30
1,2024-08-16,2846,84,90,98,7.303955863413577,5,0,175,70,30
3,2024-06-02,7496,38,70,86,8.460675464740591,4,0,165,65,35
2,2024-07-09,16161,14,137,137,6.787347852629114,2,0,180,80,25
1,2024-04-25,3159,90,123,136,4.791102515099481,8,1,175,70,30
1,2024-02-02,15343,85,160,185,8.42880662874339,8,1,175,70,30
1,2024-03-08,11119,117,133,130,7.178066961674232,4,0,175,70,30
2,2024-05-29,10596,59,129,169,7.3696302614731115,2,0,180,80,25
1,2024-07-05,10294,25,131,160,3.9292136708220817,3,0,175,70,30
3,2024-06-01,13786,51,101,99,4.318930161740159,9,1,165,65,35
2,2024-05-04,2593,35,91,117,9.859757085274373,5,0,180,80,25
2,2024-03-25,2017,32,96,107,6.092156297978094,6,0,180,80,25
2,2024-02-16,16563,26,86,98,4.219234701808239,9,1,180,80,25
1,2024-06-26,16697,31,127,146,5.996589937086158,7,0,175,70,30
1,2024-07-06,4011,76,171,207,9.468094441278927,2,0,175,70,30
2,2024-06-12,9715,107,168,178,4.8600317640823825,7,0,180,80,25
3,2024-10-04,18894,111,118,121,9.034910434484562,2,0,165,65,35
1,2024-09-03,10385,86,63,89,7.964381134747496,1,0,175,70,30
3,2024-10-23,13203,120,74,73,5.512463999035286,6,0,165,65,35
3,2024-02-28,5001,32,163,198,9.15857727678325,8,1,165,65,35
2,2024-09-24,2001,79,142,140,5.315097133126245,4,0,180,80,25
1,2024-02-05,18016,45,159,179,5.911904906480316,2,0,175,70,30
1,2024-09-14,4457,81,161,179,6.64737638560146,9,1,175,70,30
2,2024-10-14,10063,85,91,116,8.491256266599468,2,0,180,80,25
1,2024-04-18,5186,32,197,209,9.303102938164356,2,0,175,70,30
3,2023-12-03,15311,104,166,175,6.322335855630289,5,0,165,65,35
3,2024-05-16,7803,95,71,92,7.840964368345138,5,0,165,65,35
3,2024-08-16,19117,47,107,124,8.314654464952111,3,0,165,65,35
1,2024-02-10,5513,92,125,143,8.020683568191558,9,1,175,70,30
2,2024-07-12,2585,43,151,164,8.716136491827578,6,0,180,80,25
3,2024-03-10,15876,111,72,99,9.907670950866814,9,1,165,65,35
1,2023-12-31,15029,49,156,173,5.837320235005954,8,1,175,70,30
2,2024-10-22,9600,112,110,123,5.272549351120813,3,0,180,80,25
3,2024-01-05,17798,49,68,70,4.503804531690645,5,0,165,65,35
1,2024-06-03,19479,114,63,77,8.746746192227425,2,0,175,70,30
1,2024-06-28,15144,97,165,192,6.993663837069344,3,0,175,70,30
3,2024-07-03,4962,33,164,167,8.856592592122924,6,0,165,65,35
1,2024-09-10,18625,14,177,190,9.93482289788769,7,0,175,70,30
2,2024-10-10,3452,94,156,158,4.0477670122695955,9,1,180,80,25
3,2024-02-13,9706,106,82,108,9.36338502877657,4,0,165,65,35
1,2024-06-10,14867,32,162,178,8.755997088749211,7,0,175,70,30
2,2024-06-15,13288,10,97,110,8.87385551316148,8,1,180,80,25
2,2024-08-25,20236,45,95,105,8.327699506512236,3,0,180,80,25
3,2024-10-27,16772,115,127,161,8.502249764097346,9,1,165,65,35
1,2023-12-15,4395,34,113,118,10.244849581304981,1,0,175,70,30
1,2024-10-11,11507,30,63,69,6.697622153491595,2,0,175,70,30
3,2024-06-10,17770,64,70,95,8.834041849939325,7,0,165,65,35
3,2024-06-29,6742,84,153,155,9.255754119549811,2,0,165,65,35
3,2024-06-11,10809,116,136,154,8.480532690950385,7,0,165,65,35
2,2024-08-17,9290,52,70,83,4.2655344250778215,7,0,180,80,25
2,2024-04-09,5066,48,64,75,7.537679250295083,8,1,180,80,25
3,2024-05-21,16959,67,60,86,5.776419323657633,6,0,165,65,35
1,2024-09-22,14239,67,166,191,7.405037463426494,4,0,175,70,30
1,2024-05-08,10443,63,74,93,4.353637568523217,3,0,175,70,30
1,2024-02-28,21129,36,112,129,7.925789907323666,8,1,175,70,30
3,2024-05-22,18010,33,131,132,4.959787242836272,1,0,165,65,35
3,2024-10-30,7186,110,163,165,4.680450029466164,2,0,165,65,35
3,2024-08-04,19890,97,66,71,9.323153857941659,3,0,165,65,35
3,2024-04-22,11456,59,148,149,6.970755103073283,2,0,165,65,35
1,2024-05-29,11500,20,99,109,5.461884974837945,7,0,175,70,30
1,2024-01-17,15558,10,177,201,5.838266761699592,5,0,175,70,30
2,2024-02-05,7288,76,80,88,8.19864241373161,2,0,180,80,25
2,2024-03-08,10190,109,80,101,6.149829216236003,2,0,180,80,25
3,2024-05-29,14656,40,148,159,3.967557201150346,5,0,165,65,35
1,2024-10-13,13770,101,149,143,8.931273412554527,6,0,175,70,30
1,2024-06-25,19878,20,120,124,5.522933184426599,5,0,175,70,30
1,2023-12-13,8671,68,125,133,5.715770633975583,3,0,175,70,30
1,2024-02-18,14312,22,77,97,5.038527139396779,4,0,175,70,30
2,2023-12-12,18611,43,155,168,4.950579490631048,6,0,180,80,25
3,2024-01-07,1212,59,143,155,6.313650344292485,5,0,165,65,35
1,2024-04-23,14449,44,144,175,9.006777556667108,2,0,175,70,30
1,2024-07-07,5039,24,107,124,7.934945920522595,7,0,175,70,30
2,2024-01-22,1754,64,62,65,6.600442689476151,3,0,180,80,25
2,2024-01-31,9873,33,126,133,6.345155832809561,2,0,180,80,25
1,2024-05-03,17248,109,69,73,8.4527808050213,9,1,175,70,30
1,2024-01-03,13322,14,98,119,9.405397077907354,6,0,175,70,30
3,2024-07-30,4915,40,87,116,6.615305984465107,6,0,165,65,35
3,2024-09-15,5910,79,121,128,8.709236929031658,5,0,165,65,35
3,2024-09-04,10978,11,83,120,5.94763700285897,7,0,165,65,35
3,2024-10-12,3607,85,86,104,5.912738781063452,7,0,165,65,35
2,2023-12-08,15460,17,163,162,4.290136636897216,9,1,180,80,25
2,2024-04-29,3128,97,100,125,8.236454468669566,8,1,180,80,25
3,2023-12-18,7659,99,94,96,8.515882938992448,1,0,165,65,35
1,2024-09-15,6979,75,109,106,9.281123371750903,4,0,175,70,30
3,2024-03-02,13379,108,162,186,9.522692407333443,6,0,165,65,35
1,2024-05-26,15018,84,132,131,7.475460055015908,1,0,175,70,30
3,2024-08-14,15778,90,151,161,9.43615838724319,1,0,165,65,35
1,2024-05-12,1078,59,126,148,4.739836328113716,5,0,175,70,30
1,2024-10-14,9809,22,119,133,4.598804132190092,2,0,175,70,30
2,2024-05-05,9486,114,90,109,9.868137801963558,5,0,180,80,25
1,2024-09-12,2023,112,91,102,6.824357735403979,1,0,175,70,30
3,2023-12-31,6004,43,63,67,4.249163852004545,3,0,165,65,35
3,2024-04-28,17241,102,133,156,6.8459507940375355,7,0,165,65,35
2,2024-05-01,2965,41,93,108,5.817812816031647,1,0,180,80,25
3,2024-10-11,4490,94,115,131,4.524701608921438,2,0,165,65,35
2,2024-06-05,9725,116,66,90,9.789567250847197,6,0,180,80,25
1,2024-01-21,7189,110,126,152,8.687399853664584,5,0,175,70,30
3,2024-09-09,15257,19,66,85,7.490634273461382,5,0,165,65,35
2,2023-12-15,12456,113,145,144,6.718882450674077,8,1,180,80,25
1,2024-03-19,16028,89,167,182,7.59506014116146,2,0,175,70,30
1,2024-10-04,2689,14,149,165,10.621046449576241,1,0,175,70,30
3,2024-07-07,7194,112,109,124,6.58707918482382,2,0,165,65,35
2,2024-07-18,4551,32,170,205,8.802604538129486,6,0,180,80,25
3,2024-01-20,10560,73,164,181,6.838435466164346,2,0,165,65,35
2,2024-09-29,18310,39,92,95,6.219711560253395,1,0,180,80,25
1,2024-03-15,14093,109,91,126,3.9993442782446134,2,0,175,70,30
1,2024-09-23,4707,58,65,88,5.805725007669851,3,0,175,70,30
3,2024-01-06,4359,44,99,114,7.451641519183656,8,1,165,65,35
2,2024-09-19,1222,53,95,113,7.859929763708466,4,0,180,80,25
2,2024-06-16,3083,43,80,91,5.032056960468791,1,0,180,80,25
3,2024-01-04,2664,70,84,103,4.096770342380562,5,0,165,65,35
3,2024-04-30,12750,102,68,86,4.757992670929231,2,0,165,65,35
3,2024-09-23,7744,46,115,124,5.837983036529295,5,0,165,65,35
3,2024-03-19,18467,60,68,69,8.137026273193909,1,0,165,65,35
1,2024-04-19,11042,118,139,162,8.461816137016697,7,0,175,70,30
3,2024-04-26,19663,83,188,194,5.984049847132806,8,1,165,65,35
3,2024-04-16,9019,45,131,173,5.51585280807137,8,1,165,65,35
2,2024-05-13,12233,69,155,165,5.132847989091609,6,0,180,80,25
3,2024-01-02,20225,18,89,83,8.64141743959245,1,0,165,65,35
3,2024-05-20,6012,77,70,104,6.338307379931171,9,1,165,65,35
2,2024-02-27,18097,24,136,160,9.028290215632166,8,1,180,80,25
3,2024-01-03,8905,101,100,119,5.166890271504105,1,0,165,65,35
1,2024-05-21,7224,70,160,165,4.444728103679092,4,0,175,70,30
3,2024-03-17,10346,36,156,180,6.02191315207331,8,1,165,65,35
1,2024-05-31,17763,92,99,105,9.934634538133313,7,0,175,70,30
3,2024-10-16,3257,63,174,186,4.447312998781373,7,0,165,65,35
3,2024-01-16,3424,40,79,95,6.745865794550123,5,0,165,65,35
3,2024-08-03,9360,13,123,143,5.013333887034462,8,1,165,65,35
1,2024-07-11,2482,42,86,95,6.1781490474255385,8,1,175,70,30
1,2024-03-18,4621,85,167,206,5.11315064555502,1,0,175,70,30
3,2024-10-09,13526,111,138,157,6.845880302819712,2,0,165,65,35
1,2024-07-19,15662,112,65,77,4.728579028615279,7,0,175,70,30
2,2024-08-03,17401,49,94,122,8.867102863197779,9,1,180,80,25
2,2024-08-05,13825,33,115,132,7.879291012603847,2,0,180,80,25
3,2024-08-08,18770,92,127,149,8.837795643420975,6,0,165,65,35
2,2024-02-20,4116,123,118,123,7.534995444001884,5,0,180,80,25
3,2024-04-29,9356,62,95,115,9.408464001741223,7,0,165,65,35
3,2024-10-24,4101,38,79,103,7.168261921485373,9,1,165,65,35
1,2024-07-03,17105,109,145,159,7.022504153032279,5,0,175,70,30
1,2024-09-07,2747,38,70,76,9.056907952352866,7,0,175,70,30
1,2024-06-01,14840,46,72,90,8.656397489412006,6,0,175,70,30
2,2024-08-21,18483,74,175,177,4.440300290039472,3,0,180,80,25
3,2024-01-26,13628,37,65,89,4.6219747587594515,9,1,165,65,35
1,2024-04-06,11898,91,79,120,5.849377035315452,5,0,175,70,30
2,2023-12-10,2647,101,79,103,4.031261500120123,2,0,180,80,25
3,2024-05-07,13291,49,150,165,6.421536153211589,8,1,165,65,35
3,2024-07-27,14068,120,128,172,6.416168221485658,7,0,165,65,35
1,2024-10-22,8132,92,105,125,8.397670827305953,6,0,175,70,30
3,2024-06-12,11710,82,141,157,8.479441056248813,6,0,165,65,35
1,2024-09-24,3825,32,168,173,9.128244168822684,3,0,175,70,30
2,2024-07-03,15923,86,174,187,6.473255273573644,3,0,180,80,25
2,2023-12-17,12122,66,122,141,5.866727926447771,2,0,180,80,25
1,2024-02-20,14618,97,67,89,4.891219066861214,6,0,175,70,30
1,2024-01-01,8647,57,64,83,5.7786454681002,9,1,175,70,30
3,2024-08-12,7127,114,91,110,7.950949177304111,2,0,165,65,35
2,2024-03-06,7362,12,161,191,6.592706878882412,1,0,180,80,25
2,2024-01-14,4347,110,136,140,4.465239404160002,8,1,180,80,25
3,2024-09-18,3716,67,109,120,7.494052116895707,7,0,165,65,35
3,2024-09-08,17272,40,165,179,4.953539991120606,2,0,165,65,35
1,2024-02-11,11981,103,179,184,5.432362838791895,3,0,175,70,30
2,2024-01-27,7949,112,177,179,8.309950221829705,4,0,180,80,25
1,2024-01-07,1625,84,154,170,6.810457640974001,9,1,175,70,30
2,2024-08-10,19173,60,101,113,6.520534917590282,2,0,180,80,25
1,2024-06-02,12916,68,136,166,5.492884584604769,9,1,175,70,30
3,2024-07-01,1080,96,100,109,6.180219122059795,4,0,165,65,35
2,2023-12-28,17084,125,169,188,9.577410522087066,7,0,180,80,25
3,2024-03-22,15920,46,170,175,8.235298641125809,9,1,165,65,35
2,2024-03-27,3232,43,90,102,4.4119472939607425,8,1,180,80,25
3,2024-06-28,19296,29,117,135,6.811668332729415,8,1,165,65,35
2,2024-05-28,11916,87,124,152,9.019613062463877,8,1,180,80,25
1,2024-06-05,10927,31,99,106,5.406781504234618,2,0,175,70,30
1,2024-06-06,12685,90,161,180,6.98801857494394,1,0,175,70,30
3,2024-03-20,17792,96,130,144,5.315133785631959,5,0,165,65,35
3,2024-02-09,18896,18,172,203,7.379487144484606,4,0,165,65,35
3,2024-04-06,1030,83,145,171,6.535584231109466,2,0,165,65,35
2,2023-12-09,9556,86,64,78,6.549642793060458,8,1,180,80,25
2,2024-10-15,1353,90,129,153,10.080625604922798,4,0,180,80,25
2,2024-06-22,15052,68,64,79,7.910427604149858,1,0,180,80,25
1,2023-12-10,18243,67,89,117,4.4455343257141395,4,0,175,70,30
1,2024-04-27,4251,69,88,104,6.286345432358383,4,0,175,70,30
1,2024-06-29,5136,82,82,99,4.6314301187623945,7,0,175,70,30
3,2024-04-27,17222,75,68,90,8.979473859757963,9,1,165,65,35
2,2024-01-29,4317,116,103,112,8.854875660356855,7,0,180,80,25
1,2024-06-09,1681,11,91,100,10.180711254468545,6,0,175,70,30
3,2024-01-13,14168,48,143,169,4.251269266344217,2,0,165,65,35
1,2024-04-16,11668,95,177,187,9.812072980022938,6,0,175,70,30
2,2024-01-28,20877,96,107,116,4.987149390434708,5,0,180,80,25
1,2024-01-25,2771,117,157,169,9.528327727656174,8,1,175,70,30
1,2024-01-11,17261,42,87,116,6.347333997333904,2,0,175,70,30
2,2024-08-24,15304,63,75,106,9.31180172838245,3,0,180,80,25
1,2024-06-30,7474,23,68,74,8.173780331738696,9,1,175,70,30
1,2024-04-30,4080,33,96,105,4.867887134984813,3,0,175,70,30
1,2024-04-11,19645,20,63,91,5.249460903885179,7,0,175,70,30
2,2024-07-17,3404,58,140,154,10.542952075294505,1,0,180,80,25
1,2024-02-27,8787,35,112,128,5.6927447837190925,5,0,175,70,30
2,2024-08-09,17014,38,141,166,4.0697466646816824,7,0,180,80,25
3,2024-02-18,2613,45,131,134,7.0266612913226245,6,0,165,65,35
3,2024-07-24,18133,74,63,79,9.285091045902998,8,1,165,65,35
3,2024-03-05,14384,85,131,150,4.972515750033602,7,0,165,65,35
3,2024-07-21,11248,60,110,126,5.465023450609392,4,0,165,65,35
3,2024-03-24,13529,10,179,204,6.661606347054913,7,0,165,65,35
1,2024-06-23,11931,39,179,219,9.125063982382779,6,0,175,70,30
2,2023-12-31,13505,98,78,94,5.159064579637053,6,0,180,80,25
2,2024-08-22,2205,124,99,127,8.362166064613746,1,0,180,80,25
3,2024-07-05,18607,36,62,82,9.639041482341037,8,1,165,65,35
3,2023-12-25,11929,73,119,132,9.575529781642514,8,1,165,65,35
3,2024-08-22,7694,13,143,155,4.693095325022759,4,0,165,65,35
3,2024-02-27,19489,54,96,137,6.400162613925412,3,0,165,65,35
1,2024-03-25,14805,13,114,114,7.734782520208086,6,0,175,70,30
2,2023-12-27,18611,68,146,179,5.3973570436577925,3,0,180,80,25
3,2024-02-25,6072,54,176,170,4.699025935502461,2,0,165,65,35
3,2024-08-06,17129,66,168,165,4.947584448938501,7,0,165,65,35
3,2023-12-29,6066,57,134,163,7.615252911164337,7,0,165,65,35
3,2024-02-21,16585,22,175,166,7.364420684650482,9,1,165,65,35
2,2024-01-13,8373,51,136,148,6.83396202533114,7,0,180,80,25
3,2024-05-12,5389,108,169,184,10.781149375815613,7,0,165,65,35
3,2024-07-29,5411,47,97,126,8.106970165616456,9,1,165,65,35
2,2024-09-07,5655,114,164,175,8.026866600569875,8,1,180,80,25
3,2023-12-30,3313,26,128,142,9.66433573737299,1,0,165,65,35
2,2024-05-07,3585,10,173,166,6.555716772234946,9,1,180,80,25
1,2024-02-06,6082,33,132,146,9.296399068598802,4,0,175,70,30
3,2024-01-28,15407,25,164,171,9.824362705870598,9,1,165,65,35
2,2024-07-14,15219,15,147,160,5.183517094163373,6,0,180,80,25
2,2024-05-20,3531,55,163,195,8.536631208692176,3,0,180,80,25
1,2024-07-10,4681,82,130,156,7.43494930949382,6,0,175,70,30
3,2024-10-05,5028,27,113,136,9.41796457133541,4,0,165,65,35
1,2024-03-12,3975,101,101,113,6.855012564116617,3,0,175,70,30
3,2024-04-11,4705,36,69,99,8.760822237389608,3,0,165,65,35
2,2024-01-30,10958,39,93,109,4.195720351525816,8,1,180,80,25
3,2024-10-25,13514,94,157,184,4.859764971573874,1,0,165,65,35
2,2024-09-20,5352,43,109,122,8.277793178398083,1,0,180,80,25
3,2023-12-21,5848,52,131,132,5.993856906216028,3,0,165,65,35
3,2024-05-08,20409,46,183,189,4.2161968271599815,1,0,165,65,35
1,2024-03-11,17559,96,119,146,4.728503302753914,3,0,175,70,30
3,2024-07-04,12727,101,102,124,6.8474007416047,1,0,165,65,35
3,2024-10-20,12734,107,73,89,8.367017646416429,7,0,165,65,35
1,2023-12-18,15449,117,61,73,9.465930360451631,4,0,175,70,30
2,2023-12-20,20797,25,122,126,5.389402798886013,8,1,180,80,25
2,2024-08-14,18731,49,151,172,6.816172504561499,6,0,180,80,25
3,2024-02-11,9905,62,89,102,7.270207324374053,7,0,165,65,35
3,2024-09-17,9386,20,115,117,9.279877915661778,6,0,165,65,35
2,2024-10-05,6226,71,105,122,7.6354178994793624,2,0,180,80,25
1,2024-02-15,18493,32,129,157,4.71620136284569,3,0,175,70,30
3,2024-08-13,19945,63,188,195,6.226245884258768,5,0,165,65,35
2,2024-01-10,6331,60,95,119,4.447957288267252,9,1,180,80,25
2,2024-01-05,9115,121,81,110,9.226531664535916,2,0,180,80,25
1,2024-01-22,3325,47,90,113,7.421257372599243,4,0,175,70,30
2,2024-09-17,11410,79,152,174,5.128494392106598,6,0,180,80,25
2,2024-09-09,2783,107,154,167,5.685730068755893,5,0,180,80,25
1,2024-03-20,19099,24,57,70,7.6457602080440115,7,0,175,70,30
3,2024-01-18,20489,11,74,76,10.128606961137267,6,0,165,65,35
3,2024-06-05,16589,36,161,161,7.870558778460673,3,0,165,65,35
2,2024-06-13,16781,89,108,128,8.322681077168449,5,0,180,80,25
2,2024-10-16,1282,46,105,132,8.70081284595887,4,0,180,80,25
2,2024-05-11,13933,29,167,185,9.569470805105507,4,0,180,80,25
2,2023-12-29,22864,42,68,91,8.790105119565863,2,0,180,80,25
3,2023-12-15,17996,100,99,112,6.7767368355267585,6,0,165,65,35
3,2024-02-12,2100,68,81,96,9.894613904248493,6,0,165,65,35
3,2024-03-06,14280,74,165,182,9.356791064981573,6,0,165,65,35
2,2024-01-18,7520,16,86,93,9.359746984241871,2,0,180,80,25
3,2024-04-25,5360,35,138,153,4.731682072037242,9,1,165,65,35
3,2024-06-16,9052,91,153,155,9.671398393897796,2,0,165,65,35
2,2023-12-23,15904,109,147,180,6.425832238102021,7,0,180,80,25
3,2024-05-04,2708,110,109,120,5.513989102531931,1,0,165,65,35
